<?xml version="1.0" encoding="UTF-8"?>
<model xmlns="http://www.alfresco.org/model/dictionary/1.0" name="alfcounter:AlfrescoCounter">
    <description>Contador Incremental</description>
    <author>Ambiente Livre</author>
    <imports>
        <import uri="http://www.alfresco.org/model/dictionary/1.0" prefix="d"/>
    </imports>
    <namespaces>
        <namespace uri="http://www.alfresco.org/model/alfcounter/1.0" prefix="alfcounter"/>
    </namespaces>
    <data-types/>
    <constraints/>
    <types/>
    <aspects>
        <aspect name="alfcounter:count">
            <title>Counter</title>
            <properties>
                <property name="alfcounter:incrementCounter">
                    <title>Increment Counter</title>
                    <type>d:int</type>
                    <mandatory>false</mandatory>
                    <index enabled="true">
                        <tokenised>TRUE</tokenised>
                    </index>
                </property>
            </properties>
            <associations/>
            <overrides/>
            <mandatory-aspects/>
        </aspect>
    </aspects>
</model>