<?xml version="1.0" encoding="UTF-8"?><module>
   <id>CMM_AlfrescoCounter</id>
   <auto-deploy>true</auto-deploy>
   <configurations>
      
      <!-- Document Library config section -->
      <config condition="DocumentLibrary" evaluator="string-compare" replace="false">
         <aspects>
            <visible>
               <aspect label="Counter" name="alfcounter:count"/>
            </visible>
         </aspects>
      </config>

      <!-- Form configuration section - type -->
      
      <!-- Form configuration section - aspect -->
      <config condition="alfcounter:count" evaluator="aspect">
         <forms>
            <form>
               <field-visibility>
                  <show id="alfcounter:incrementCounter"/>
               </field-visibility>
               <appearance>
                  <set appearance="whitespace" id="alfcounter:count_cmm_set0"/>
                  <field id="alfcounter:incrementCounter" set="alfcounter:count_cmm_set0">
                  </field>
               </appearance>
            </form>
         </forms>
      </config>
      
      <!-- Entity form designer configuration -->
      <config condition="FormDefinition" evaluator="string-compare">
         <form-definition id="count">[{"elementconfig":{"label":"","appearance":"title"},"pseudonym":"cmm/editor/layout/1cols","label":"cmm.form-editor.palette.one-column","column":[{"pseudonym":"cmm/editor/property/int","id":"alfcounter:incrementCounter","elementconfig":{"infoname":"incrementCounter","infolabel":"Increment Counter","infotype":"d:int"},"label":"Increment Counter [incrementCounter]","type":["property"]}],"type":"{type}"}]</form-definition>
      </config>

   </configurations>
</module>
